<?xml version="1.0" encoding="UTF-8"?>
<project-private xmlns="http://www.netbeans.org/ns/project-private/1">
    <editor-bookmarks xmlns="http://www.netbeans.org/ns/editor-bookmarks/2" lastBookmarkId="0"/>
    <open-files xmlns="http://www.netbeans.org/ns/projectui-open-files/2">
        <group>
            <file>file:/Users/Dlock/NetBeansProjects/Robot2014Final/src/bt/storage/Constants.java</file>
            <file>file:/Users/Dlock/NetBeansProjects/Robot2014Final/src/bt/main/BTManipulator.java</file>
            <file>file:/Users/Dlock/NetBeansProjects/Robot2014Final/src/bt/main/BTAutonomous.java</file>
            <file>file:/Users/Dlock/NetBeansProjects/Robot2014Final/src/bt/main/BTMain.java</file>
        </group>
    </open-files>
</project-private>
